{
	"credit": "Made with Blockbench",
	"textures": {
		"2": "block/chain",
		"particle": "block/chain"
	},
	"elements": [
		{
			"from": [8.5, 0, 7.5],
			"to": [9, 1.275, 8.5],
			"rotation": {"angle": 0, "axis": "y", "origin": [7, 0, 7]},
			"faces": {
				"north": {"uv": [0, 0, 0.5, 1.275], "texture": "#2"},
				"east": {"uv": [0, 0, 1, 1.275], "texture": "#2"},
				"south": {"uv": [0, 0, 0.5, 1.275], "texture": "#2"},
				"west": {"uv": [0, 0, 1, 1.275], "texture": "#2"},
				"up": {"uv": [0, 0, 0.5, 1], "texture": "#2"},
				"down": {"uv": [0, 0, 0.5, 1], "texture": "#2"}
			}
		},
		{
			"from": [7.5, 0.77, 7.5],
			"to": [8.5, 1.27, 8.5],
			"rotation": {"angle": 0, "axis": "z", "origin": [8.05, 1.05, 8]},
			"faces": {
				"north": {"uv": [0, 0, 0.5, 1], "rotation": 90, "texture": "#2"},
				"east": {"uv": [0, 0, 0.5, 1], "rotation": 270, "texture": "#2"},
				"south": {"uv": [0, 0, 0.5, 1], "rotation": 270, "texture": "#2"},
				"west": {"uv": [0, 0, 0.5, 1], "rotation": 270, "texture": "#2"},
				"up": {"uv": [0, 0, 1, 1], "rotation": 270, "texture": "#2"},
				"down": {"uv": [0, 0, 1, 1], "rotation": 270, "texture": "#2"}
			}
		},
		{
			"from": [7, 0, 7.5],
			"to": [7.5, 1.275, 8.5],
			"rotation": {"angle": 0, "axis": "y", "origin": [5.5, 0, 7]},
			"faces": {
				"north": {"uv": [0, 0, 0.5, 1.275], "texture": "#2"},
				"east": {"uv": [0, 0, 1, 1.275], "texture": "#2"},
				"south": {"uv": [0, 0, 0.5, 1.275], "texture": "#2"},
				"west": {"uv": [0, 0, 1, 1.275], "texture": "#2"},
				"up": {"uv": [0, 0, 0.5, 1], "texture": "#2"},
				"down": {"uv": [0, 0, 0.5, 1], "texture": "#2"}
			}
		},
		{
			"from": [7.5, 0.3, 7],
			"to": [8.5, 2.85, 7.5],
			"rotation": {"angle": 0, "axis": "y", "origin": [8, 1.575, 8]},
			"faces": {
				"north": {"uv": [0, 0, 1, 2.55], "texture": "#2"},
				"east": {"uv": [0, 0, 0.5, 2.55], "texture": "#2"},
				"south": {"uv": [0, 0, 1, 2.55], "texture": "#2"},
				"west": {"uv": [0, 0, 0.5, 2.55], "texture": "#2"},
				"up": {"uv": [0, 0, 0.5, 1], "rotation": 270, "texture": "#2"},
				"down": {"uv": [0, 0, 0.5, 1], "rotation": 90, "texture": "#2"}
			}
		},
		{
			"from": [7.5, 2.35, 7.5],
			"to": [8.5, 2.85, 8.5],
			"rotation": {"angle": 0, "axis": "y", "origin": [8, 1.575, 8]},
			"faces": {
				"north": {"uv": [0, 0, 0.5, 1], "rotation": 270, "texture": "#2"},
				"east": {"uv": [0, 0, 0.5, 1], "rotation": 270, "texture": "#2"},
				"south": {"uv": [0, 0, 0.5, 1], "rotation": 270, "texture": "#2"},
				"west": {"uv": [0, 0, 0.5, 1], "rotation": 90, "texture": "#2"},
				"up": {"uv": [0, 0, 1, 1], "rotation": 180, "texture": "#2"},
				"down": {"uv": [0, 0, 1, 1], "texture": "#2"}
			}
		},
		{
			"from": [7.5, 0.3, 7.5],
			"to": [8.5, 0.8, 8.5],
			"rotation": {"angle": 0, "axis": "y", "origin": [8, 1.575, 8]},
			"faces": {
				"north": {"uv": [0, 0, 0.5, 1], "rotation": 270, "texture": "#2"},
				"east": {"uv": [0, 0, 0.5, 1], "rotation": 270, "texture": "#2"},
				"south": {"uv": [0, 0, 0.5, 1], "rotation": 270, "texture": "#2"},
				"west": {"uv": [0, 0, 0.5, 1], "rotation": 90, "texture": "#2"},
				"up": {"uv": [0, 0, 1, 1], "rotation": 180, "texture": "#2"},
				"down": {"uv": [0, 0, 1, 1], "texture": "#2"}
			}
		},
		{
			"from": [7.5, 0.3, 8.5],
			"to": [8.5, 2.85, 9],
			"rotation": {"angle": 0, "axis": "y", "origin": [8, 1.575, 8]},
			"faces": {
				"north": {"uv": [0, 0, 1, 2.55], "texture": "#2"},
				"east": {"uv": [0, 0, 0.5, 2.55], "texture": "#2"},
				"south": {"uv": [0, 0, 1, 2.55], "texture": "#2"},
				"west": {"uv": [0, 0, 0.5, 2.55], "texture": "#2"},
				"up": {"uv": [0, 0, 0.5, 1], "rotation": 270, "texture": "#2"},
				"down": {"uv": [0, 0, 0.5, 1], "rotation": 90, "texture": "#2"}
			}
		},
		{
			"from": [7, 1.9, 7.5],
			"to": [7.5, 4.45, 8.5],
			"rotation": {"angle": 0, "axis": "y", "origin": [8, 3.175, 8]},
			"faces": {
				"north": {"uv": [0, 0, 0.5, 2.55], "texture": "#2"},
				"east": {"uv": [0, 0, 1, 2.55], "texture": "#2"},
				"south": {"uv": [0, 0, 0.5, 2.55], "texture": "#2"},
				"west": {"uv": [0, 0, 1, 2.55], "texture": "#2"},
				"up": {"uv": [0, 0, 0.5, 1], "rotation": 180, "texture": "#2"},
				"down": {"uv": [0, 0, 0.5, 1], "rotation": 180, "texture": "#2"}
			}
		},
		{
			"from": [7.5, 3.95, 7.5],
			"to": [8.5, 4.45, 8.5],
			"rotation": {"angle": 0, "axis": "y", "origin": [8, 3.175, 8]},
			"faces": {
				"north": {"uv": [0, 0, 0.5, 1], "rotation": 270, "texture": "#2"},
				"east": {"uv": [0, 0, 0.5, 1], "rotation": 270, "texture": "#2"},
				"south": {"uv": [0, 0, 0.5, 1], "rotation": 90, "texture": "#2"},
				"west": {"uv": [0, 0, 0.5, 1], "rotation": 270, "texture": "#2"},
				"up": {"uv": [0, 0, 1, 1], "rotation": 90, "texture": "#2"},
				"down": {"uv": [0, 0, 1, 1], "rotation": 90, "texture": "#2"}
			}
		},
		{
			"from": [7.5, 1.9, 7.5],
			"to": [8.5, 2.4, 8.5],
			"rotation": {"angle": 0, "axis": "y", "origin": [8, 3.175, 8]},
			"faces": {
				"north": {"uv": [0, 0, 0.5, 1], "rotation": 270, "texture": "#2"},
				"east": {"uv": [0, 0, 0.5, 1], "rotation": 270, "texture": "#2"},
				"south": {"uv": [0, 0, 0.5, 1], "rotation": 90, "texture": "#2"},
				"west": {"uv": [0, 0, 0.5, 1], "rotation": 270, "texture": "#2"},
				"up": {"uv": [0, 0, 1, 1], "rotation": 90, "texture": "#2"},
				"down": {"uv": [0, 0, 1, 1], "rotation": 90, "texture": "#2"}
			}
		},
		{
			"from": [8.5, 1.9, 7.5],
			"to": [9, 4.45, 8.5],
			"rotation": {"angle": 0, "axis": "y", "origin": [8, 3.175, 8]},
			"faces": {
				"north": {"uv": [0, 0, 0.5, 2.55], "texture": "#2"},
				"east": {"uv": [0, 0, 1, 2.55], "texture": "#2"},
				"south": {"uv": [0, 0, 0.5, 2.55], "texture": "#2"},
				"west": {"uv": [0, 0, 1, 2.55], "texture": "#2"},
				"up": {"uv": [0, 0, 0.5, 1], "rotation": 180, "texture": "#2"},
				"down": {"uv": [0, 0, 0.5, 1], "rotation": 180, "texture": "#2"}
			}
		},
		{
			"from": [7.5, 3.5, 8.5],
			"to": [8.5, 6.05, 9],
			"rotation": {"angle": 0, "axis": "y", "origin": [8, 4.775, 8]},
			"faces": {
				"north": {"uv": [0, 0, 1, 2.55], "texture": "#2"},
				"east": {"uv": [0, 0, 0.5, 2.55], "texture": "#2"},
				"south": {"uv": [0, 0, 1, 2.55], "texture": "#2"},
				"west": {"uv": [0, 0, 0.5, 2.55], "texture": "#2"},
				"up": {"uv": [0, 0, 0.5, 1], "rotation": 90, "texture": "#2"},
				"down": {"uv": [0, 0, 0.5, 1], "rotation": 270, "texture": "#2"}
			}
		},
		{
			"from": [7.5, 5.55, 7.5],
			"to": [8.5, 6.05, 8.5],
			"rotation": {"angle": 0, "axis": "y", "origin": [8, 4.775, 8]},
			"faces": {
				"north": {"uv": [0, 0, 0.5, 1], "rotation": 270, "texture": "#2"},
				"east": {"uv": [0, 0, 0.5, 1], "rotation": 90, "texture": "#2"},
				"south": {"uv": [0, 0, 0.5, 1], "rotation": 270, "texture": "#2"},
				"west": {"uv": [0, 0, 0.5, 1], "rotation": 270, "texture": "#2"},
				"up": {"uv": [0, 0, 1, 1], "texture": "#2"},
				"down": {"uv": [0, 0, 1, 1], "rotation": 180, "texture": "#2"}
			}
		},
		{
			"from": [7.5, 3.5, 7.5],
			"to": [8.5, 4, 8.5],
			"rotation": {"angle": 0, "axis": "y", "origin": [8, 4.775, 8]},
			"faces": {
				"north": {"uv": [0, 0, 0.5, 1], "rotation": 270, "texture": "#2"},
				"east": {"uv": [0, 0, 0.5, 1], "rotation": 90, "texture": "#2"},
				"south": {"uv": [0, 0, 0.5, 1], "rotation": 270, "texture": "#2"},
				"west": {"uv": [0, 0, 0.5, 1], "rotation": 270, "texture": "#2"},
				"up": {"uv": [0, 0, 1, 1], "texture": "#2"},
				"down": {"uv": [0, 0, 1, 1], "rotation": 180, "texture": "#2"}
			}
		},
		{
			"from": [7.5, 3.5, 7],
			"to": [8.5, 6.05, 7.5],
			"rotation": {"angle": 0, "axis": "y", "origin": [8, 4.775, 8]},
			"faces": {
				"north": {"uv": [0, 0, 1, 2.55], "texture": "#2"},
				"east": {"uv": [0, 0, 0.5, 2.55], "texture": "#2"},
				"south": {"uv": [0, 0, 1, 2.55], "texture": "#2"},
				"west": {"uv": [0, 0, 0.5, 2.55], "texture": "#2"},
				"up": {"uv": [0, 0, 0.5, 1], "rotation": 90, "texture": "#2"},
				"down": {"uv": [0, 0, 0.5, 1], "rotation": 270, "texture": "#2"}
			}
		},
		{
			"from": [8.5, 5.1, 7.5],
			"to": [9, 7.65, 8.5],
			"rotation": {"angle": 0, "axis": "y", "origin": [8, 6.375, 8]},
			"faces": {
				"north": {"uv": [0, 0, 0.5, 2.55], "texture": "#2"},
				"east": {"uv": [0, 0, 1, 2.55], "texture": "#2"},
				"south": {"uv": [0, 0, 0.5, 2.55], "texture": "#2"},
				"west": {"uv": [0, 0, 1, 2.55], "texture": "#2"},
				"up": {"uv": [0, 0, 0.5, 1], "texture": "#2"},
				"down": {"uv": [0, 0, 0.5, 1], "texture": "#2"}
			}
		},
		{
			"from": [7.5, 7.15, 7.5],
			"to": [8.5, 7.65, 8.5],
			"rotation": {"angle": 0, "axis": "y", "origin": [8, 6.375, 8]},
			"faces": {
				"north": {"uv": [0, 0, 0.5, 1], "rotation": 90, "texture": "#2"},
				"east": {"uv": [0, 0, 0.5, 1], "rotation": 270, "texture": "#2"},
				"south": {"uv": [0, 0, 0.5, 1], "rotation": 270, "texture": "#2"},
				"west": {"uv": [0, 0, 0.5, 1], "rotation": 270, "texture": "#2"},
				"up": {"uv": [0, 0, 1, 1], "rotation": 270, "texture": "#2"},
				"down": {"uv": [0, 0, 1, 1], "rotation": 270, "texture": "#2"}
			}
		},
		{
			"from": [7.5, 5.1, 7.5],
			"to": [8.5, 5.6, 8.5],
			"rotation": {"angle": 0, "axis": "y", "origin": [8, 6.375, 8]},
			"faces": {
				"north": {"uv": [0, 0, 0.5, 1], "rotation": 90, "texture": "#2"},
				"east": {"uv": [0, 0, 0.5, 1], "rotation": 270, "texture": "#2"},
				"south": {"uv": [0, 0, 0.5, 1], "rotation": 270, "texture": "#2"},
				"west": {"uv": [0, 0, 0.5, 1], "rotation": 270, "texture": "#2"},
				"up": {"uv": [0, 0, 1, 1], "rotation": 270, "texture": "#2"},
				"down": {"uv": [0, 0, 1, 1], "rotation": 270, "texture": "#2"}
			}
		},
		{
			"from": [7, 5.1, 7.5],
			"to": [7.5, 7.65, 8.5],
			"rotation": {"angle": 0, "axis": "y", "origin": [8, 6.375, 8]},
			"faces": {
				"north": {"uv": [0, 0, 0.5, 2.55], "texture": "#2"},
				"east": {"uv": [0, 0, 1, 2.55], "texture": "#2"},
				"south": {"uv": [0, 0, 0.5, 2.55], "texture": "#2"},
				"west": {"uv": [0, 0, 1, 2.55], "texture": "#2"},
				"up": {"uv": [0, 0, 0.5, 1], "texture": "#2"},
				"down": {"uv": [0, 0, 0.5, 1], "texture": "#2"}
			}
		},
		{
			"from": [7.5, 6.7, 7],
			"to": [8.5, 9.25, 7.5],
			"rotation": {"angle": 0, "axis": "y", "origin": [8, 7.975, 8]},
			"faces": {
				"north": {"uv": [0, 0, 1, 2.55], "texture": "#2"},
				"east": {"uv": [0, 0, 0.5, 2.55], "texture": "#2"},
				"south": {"uv": [0, 0, 1, 2.55], "texture": "#2"},
				"west": {"uv": [0, 0, 0.5, 2.55], "texture": "#2"},
				"up": {"uv": [0, 0, 0.5, 1], "rotation": 270, "texture": "#2"},
				"down": {"uv": [0, 0, 0.5, 1], "rotation": 90, "texture": "#2"}
			}
		},
		{
			"from": [7.5, 8.75, 7.5],
			"to": [8.5, 9.25, 8.5],
			"rotation": {"angle": 0, "axis": "y", "origin": [8, 7.975, 8]},
			"faces": {
				"north": {"uv": [0, 0, 0.5, 1], "rotation": 270, "texture": "#2"},
				"east": {"uv": [0, 0, 0.5, 1], "rotation": 270, "texture": "#2"},
				"south": {"uv": [0, 0, 0.5, 1], "rotation": 270, "texture": "#2"},
				"west": {"uv": [0, 0, 0.5, 1], "rotation": 90, "texture": "#2"},
				"up": {"uv": [0, 0, 1, 1], "rotation": 180, "texture": "#2"},
				"down": {"uv": [0, 0, 1, 1], "texture": "#2"}
			}
		},
		{
			"from": [7.5, 6.7, 7.5],
			"to": [8.5, 7.2, 8.5],
			"rotation": {"angle": 0, "axis": "y", "origin": [8, 7.975, 8]},
			"faces": {
				"north": {"uv": [0, 0, 0.5, 1], "rotation": 270, "texture": "#2"},
				"east": {"uv": [0, 0, 0.5, 1], "rotation": 270, "texture": "#2"},
				"south": {"uv": [0, 0, 0.5, 1], "rotation": 270, "texture": "#2"},
				"west": {"uv": [0, 0, 0.5, 1], "rotation": 90, "texture": "#2"},
				"up": {"uv": [0, 0, 1, 1], "rotation": 180, "texture": "#2"},
				"down": {"uv": [0, 0, 1, 1], "texture": "#2"}
			}
		},
		{
			"from": [7.5, 6.7, 8.5],
			"to": [8.5, 9.25, 9],
			"rotation": {"angle": 0, "axis": "y", "origin": [8, 7.975, 8]},
			"faces": {
				"north": {"uv": [0, 0, 1, 2.55], "texture": "#2"},
				"east": {"uv": [0, 0, 0.5, 2.55], "texture": "#2"},
				"south": {"uv": [0, 0, 1, 2.55], "texture": "#2"},
				"west": {"uv": [0, 0, 0.5, 2.55], "texture": "#2"},
				"up": {"uv": [0, 0, 0.5, 1], "rotation": 270, "texture": "#2"},
				"down": {"uv": [0, 0, 0.5, 1], "rotation": 90, "texture": "#2"}
			}
		},
		{
			"from": [7, 8.3, 7.5],
			"to": [7.5, 10.85, 8.5],
			"rotation": {"angle": 0, "axis": "y", "origin": [8, 9.575, 8]},
			"faces": {
				"north": {"uv": [0, 0, 0.5, 2.55], "texture": "#2"},
				"east": {"uv": [0, 0, 1, 2.55], "texture": "#2"},
				"south": {"uv": [0, 0, 0.5, 2.55], "texture": "#2"},
				"west": {"uv": [0, 0, 1, 2.55], "texture": "#2"},
				"up": {"uv": [0, 0, 0.5, 1], "rotation": 180, "texture": "#2"},
				"down": {"uv": [0, 0, 0.5, 1], "rotation": 180, "texture": "#2"}
			}
		},
		{
			"from": [7.5, 10.35, 7.5],
			"to": [8.5, 10.85, 8.5],
			"rotation": {"angle": 0, "axis": "y", "origin": [8, 9.575, 8]},
			"faces": {
				"north": {"uv": [0, 0, 0.5, 1], "rotation": 270, "texture": "#2"},
				"east": {"uv": [0, 0, 0.5, 1], "rotation": 270, "texture": "#2"},
				"south": {"uv": [0, 0, 0.5, 1], "rotation": 90, "texture": "#2"},
				"west": {"uv": [0, 0, 0.5, 1], "rotation": 270, "texture": "#2"},
				"up": {"uv": [0, 0, 1, 1], "rotation": 90, "texture": "#2"},
				"down": {"uv": [0, 0, 1, 1], "rotation": 90, "texture": "#2"}
			}
		},
		{
			"from": [7.5, 8.3, 7.5],
			"to": [8.5, 8.8, 8.5],
			"rotation": {"angle": 0, "axis": "y", "origin": [8, 9.575, 8]},
			"faces": {
				"north": {"uv": [0, 0, 0.5, 1], "rotation": 270, "texture": "#2"},
				"east": {"uv": [0, 0, 0.5, 1], "rotation": 270, "texture": "#2"},
				"south": {"uv": [0, 0, 0.5, 1], "rotation": 90, "texture": "#2"},
				"west": {"uv": [0, 0, 0.5, 1], "rotation": 270, "texture": "#2"},
				"up": {"uv": [0, 0, 1, 1], "rotation": 90, "texture": "#2"},
				"down": {"uv": [0, 0, 1, 1], "rotation": 90, "texture": "#2"}
			}
		},
		{
			"from": [8.5, 8.3, 7.5],
			"to": [9, 10.85, 8.5],
			"rotation": {"angle": 0, "axis": "y", "origin": [8, 9.575, 8]},
			"faces": {
				"north": {"uv": [0, 0, 0.5, 2.55], "texture": "#2"},
				"east": {"uv": [0, 0, 1, 2.55], "texture": "#2"},
				"south": {"uv": [0, 0, 0.5, 2.55], "texture": "#2"},
				"west": {"uv": [0, 0, 1, 2.55], "texture": "#2"},
				"up": {"uv": [0, 0, 0.5, 1], "rotation": 180, "texture": "#2"},
				"down": {"uv": [0, 0, 0.5, 1], "rotation": 180, "texture": "#2"}
			}
		},
		{
			"from": [7.5, 9.9, 7],
			"to": [8.5, 12.45, 7.5],
			"rotation": {"angle": 0, "axis": "y", "origin": [8, 11.175, 8]},
			"faces": {
				"north": {"uv": [0, 0, 1, 2.55], "texture": "#2"},
				"east": {"uv": [0, 0, 0.5, 2.55], "texture": "#2"},
				"south": {"uv": [0, 0, 1, 2.55], "texture": "#2"},
				"west": {"uv": [0, 0, 0.5, 2.55], "texture": "#2"},
				"up": {"uv": [0, 0, 0.5, 1], "rotation": 270, "texture": "#2"},
				"down": {"uv": [0, 0, 0.5, 1], "rotation": 90, "texture": "#2"}
			}
		},
		{
			"from": [7.5, 11.95, 7.5],
			"to": [8.5, 12.45, 8.5],
			"rotation": {"angle": 0, "axis": "y", "origin": [8, 11.175, 8]},
			"faces": {
				"north": {"uv": [0, 0, 0.5, 1], "rotation": 270, "texture": "#2"},
				"east": {"uv": [0, 0, 0.5, 1], "rotation": 270, "texture": "#2"},
				"south": {"uv": [0, 0, 0.5, 1], "rotation": 270, "texture": "#2"},
				"west": {"uv": [0, 0, 0.5, 1], "rotation": 90, "texture": "#2"},
				"up": {"uv": [0, 0, 1, 1], "rotation": 180, "texture": "#2"},
				"down": {"uv": [0, 0, 1, 1], "texture": "#2"}
			}
		},
		{
			"from": [7.5, 9.9, 7.5],
			"to": [8.5, 10.4, 8.5],
			"rotation": {"angle": 0, "axis": "y", "origin": [8, 11.175, 8]},
			"faces": {
				"north": {"uv": [0, 0, 0.5, 1], "rotation": 270, "texture": "#2"},
				"east": {"uv": [0, 0, 0.5, 1], "rotation": 270, "texture": "#2"},
				"south": {"uv": [0, 0, 0.5, 1], "rotation": 270, "texture": "#2"},
				"west": {"uv": [0, 0, 0.5, 1], "rotation": 90, "texture": "#2"},
				"up": {"uv": [0, 0, 1, 1], "rotation": 180, "texture": "#2"},
				"down": {"uv": [0, 0, 1, 1], "texture": "#2"}
			}
		},
		{
			"from": [7.5, 9.9, 8.5],
			"to": [8.5, 12.45, 9],
			"rotation": {"angle": 0, "axis": "y", "origin": [8, 11.175, 8]},
			"faces": {
				"north": {"uv": [0, 0, 1, 2.55], "texture": "#2"},
				"east": {"uv": [0, 0, 0.5, 2.55], "texture": "#2"},
				"south": {"uv": [0, 0, 1, 2.55], "texture": "#2"},
				"west": {"uv": [0, 0, 0.5, 2.55], "texture": "#2"},
				"up": {"uv": [0, 0, 0.5, 1], "rotation": 270, "texture": "#2"},
				"down": {"uv": [0, 0, 0.5, 1], "rotation": 90, "texture": "#2"}
			}
		},
		{
			"from": [8.5, 11.5, 7.5],
			"to": [9, 14.05, 8.5],
			"rotation": {"angle": 0, "axis": "y", "origin": [8, 12.775, 8]},
			"faces": {
				"north": {"uv": [0, 0, 0.5, 2.55], "texture": "#2"},
				"east": {"uv": [0, 0, 1, 2.55], "texture": "#2"},
				"south": {"uv": [0, 0, 0.5, 2.55], "texture": "#2"},
				"west": {"uv": [0, 0, 1, 2.55], "texture": "#2"},
				"up": {"uv": [0, 0, 0.5, 1], "rotation": 180, "texture": "#2"},
				"down": {"uv": [0, 0, 0.5, 1], "rotation": 180, "texture": "#2"}
			}
		},
		{
			"from": [7.5, 11.5, 7.5],
			"to": [8.5, 12, 8.5],
			"rotation": {"angle": 0, "axis": "y", "origin": [8, 12.775, 8]},
			"faces": {
				"north": {"uv": [0, 0, 0.5, 1], "rotation": 270, "texture": "#2"},
				"east": {"uv": [0, 0, 0.5, 1], "rotation": 270, "texture": "#2"},
				"south": {"uv": [0, 0, 0.5, 1], "rotation": 90, "texture": "#2"},
				"west": {"uv": [0, 0, 0.5, 1], "rotation": 270, "texture": "#2"},
				"up": {"uv": [0, 0, 1, 1], "rotation": 90, "texture": "#2"},
				"down": {"uv": [0, 0, 1, 1], "rotation": 90, "texture": "#2"}
			}
		},
		{
			"from": [7.5, 13.55, 7.5],
			"to": [8.5, 14.05, 8.5],
			"rotation": {"angle": 0, "axis": "y", "origin": [8, 12.775, 8]},
			"faces": {
				"north": {"uv": [0, 0, 0.5, 1], "rotation": 270, "texture": "#2"},
				"east": {"uv": [0, 0, 0.5, 1], "rotation": 270, "texture": "#2"},
				"south": {"uv": [0, 0, 0.5, 1], "rotation": 90, "texture": "#2"},
				"west": {"uv": [0, 0, 0.5, 1], "rotation": 270, "texture": "#2"},
				"up": {"uv": [0, 0, 1, 1], "rotation": 90, "texture": "#2"},
				"down": {"uv": [0, 0, 1, 1], "rotation": 90, "texture": "#2"}
			}
		},
		{
			"from": [7, 11.5, 7.5],
			"to": [7.5, 14.05, 8.5],
			"rotation": {"angle": 0, "axis": "y", "origin": [8, 12.775, 8]},
			"faces": {
				"north": {"uv": [0, 0, 0.5, 2.55], "texture": "#2"},
				"east": {"uv": [0, 0, 1, 2.55], "texture": "#2"},
				"south": {"uv": [0, 0, 0.5, 2.55], "texture": "#2"},
				"west": {"uv": [0, 0, 1, 2.55], "texture": "#2"},
				"up": {"uv": [0, 0, 0.5, 1], "rotation": 180, "texture": "#2"},
				"down": {"uv": [0, 0, 0.5, 1], "rotation": 180, "texture": "#2"}
			}
		},
		{
			"from": [7.5, 13.1, 7],
			"to": [8.5, 15.65, 7.5],
			"rotation": {"angle": 0, "axis": "y", "origin": [8, 14.375, 8]},
			"faces": {
				"north": {"uv": [0, 0, 1, 2.55], "texture": "#2"},
				"east": {"uv": [0, 0, 0.5, 2.55], "texture": "#2"},
				"south": {"uv": [0, 0, 1, 2.55], "texture": "#2"},
				"west": {"uv": [0, 0, 0.5, 2.55], "texture": "#2"},
				"up": {"uv": [0, 0, 0.5, 1], "rotation": 270, "texture": "#2"},
				"down": {"uv": [0, 0, 0.5, 1], "rotation": 90, "texture": "#2"}
			}
		},
		{
			"from": [7.5, 15.15, 7.5],
			"to": [8.5, 15.65, 8.5],
			"rotation": {"angle": 0, "axis": "y", "origin": [8, 14.375, 8]},
			"faces": {
				"north": {"uv": [0, 0, 0.5, 1], "rotation": 270, "texture": "#2"},
				"east": {"uv": [0, 0, 0.5, 1], "rotation": 270, "texture": "#2"},
				"south": {"uv": [0, 0, 0.5, 1], "rotation": 270, "texture": "#2"},
				"west": {"uv": [0, 0, 0.5, 1], "rotation": 90, "texture": "#2"},
				"up": {"uv": [0, 0, 1, 1], "rotation": 180, "texture": "#2"},
				"down": {"uv": [0, 0, 1, 1], "texture": "#2"}
			}
		},
		{
			"from": [7.5, 13.1, 7.5],
			"to": [8.5, 13.6, 8.5],
			"rotation": {"angle": 0, "axis": "y", "origin": [8, 14.375, 8]},
			"faces": {
				"north": {"uv": [0, 0, 0.5, 1], "rotation": 270, "texture": "#2"},
				"east": {"uv": [0, 0, 0.5, 1], "rotation": 270, "texture": "#2"},
				"south": {"uv": [0, 0, 0.5, 1], "rotation": 270, "texture": "#2"},
				"west": {"uv": [0, 0, 0.5, 1], "rotation": 90, "texture": "#2"},
				"up": {"uv": [0, 0, 1, 1], "rotation": 180, "texture": "#2"},
				"down": {"uv": [0, 0, 1, 1], "texture": "#2"}
			}
		},
		{
			"from": [7.5, 13.1, 8.5],
			"to": [8.5, 15.65, 9],
			"rotation": {"angle": 0, "axis": "y", "origin": [8, 14.375, 8]},
			"faces": {
				"north": {"uv": [0, 0, 1, 2.55], "texture": "#2"},
				"east": {"uv": [0, 0, 0.5, 2.55], "texture": "#2"},
				"south": {"uv": [0, 0, 1, 2.55], "texture": "#2"},
				"west": {"uv": [0, 0, 0.5, 2.55], "texture": "#2"},
				"up": {"uv": [0, 0, 0.5, 1], "rotation": 270, "texture": "#2"},
				"down": {"uv": [0, 0, 0.5, 1], "rotation": 90, "texture": "#2"}
			}
		},
		{
			"from": [7, 14.6825, 7.5],
			"to": [7.5, 16.0575, 8.5],
			"rotation": {"angle": 0, "axis": "z", "origin": [8, 15.12875, 8]},
			"faces": {
				"north": {"uv": [0, 0, 0.5, 1.375], "rotation": 180, "texture": "#2"},
				"east": {"uv": [0, 0, 1, 1.375], "rotation": 180, "texture": "#2"},
				"south": {"uv": [0, 0, 0.5, 1.375], "rotation": 180, "texture": "#2"},
				"west": {"uv": [0, 0, 1, 1.375], "rotation": 180, "texture": "#2"},
				"up": {"uv": [0, 0, 0.5, 1], "rotation": 180, "texture": "#2"},
				"down": {"uv": [0, 0, 0.5, 1], "rotation": 180, "texture": "#2"}
			}
		},
		{
			"from": [7.5, 14.6875, 7.5],
			"to": [8.5, 15.1875, 8.5],
			"rotation": {"angle": 0, "axis": "z", "origin": [8, 15.12875, 8]},
			"faces": {
				"north": {"uv": [0, 0, 0.5, 1], "rotation": 270, "texture": "#2"},
				"east": {"uv": [0, 0, 0.5, 1], "rotation": 90, "texture": "#2"},
				"south": {"uv": [0, 0, 0.5, 1], "rotation": 90, "texture": "#2"},
				"west": {"uv": [0, 0, 0.5, 1], "rotation": 90, "texture": "#2"},
				"up": {"uv": [0, 0, 1, 1], "rotation": 90, "texture": "#2"},
				"down": {"uv": [0, 0, 1, 1], "rotation": 90, "texture": "#2"}
			}
		},
		{
			"from": [8.5, 14.6825, 7.5],
			"to": [9, 16.0575, 8.5],
			"rotation": {"angle": 0, "axis": "z", "origin": [8, 15.12875, 8]},
			"faces": {
				"north": {"uv": [0, 0, 0.5, 1.375], "rotation": 180, "texture": "#2"},
				"east": {"uv": [0, 0, 1, 1.375], "rotation": 180, "texture": "#2"},
				"south": {"uv": [0, 0, 0.5, 1.375], "rotation": 180, "texture": "#2"},
				"west": {"uv": [0, 0, 1, 1.375], "rotation": 180, "texture": "#2"},
				"up": {"uv": [0, 0, 0.5, 1], "rotation": 180, "texture": "#2"},
				"down": {"uv": [0, 0, 0.5, 1], "rotation": 180, "texture": "#2"}
			}
		}
	],
	"display": {
		"thirdperson_righthand": {
			"rotation": [-0.03, -1.09, -2.53],
			"translation": [0.25, 0.75, 0],
			"scale": [0.5, 0.5, 0.5]
		},
		"thirdperson_lefthand": {
			"rotation": [-0.03, -1.09, -2.53],
			"translation": [0.25, 0.75, 0],
			"scale": [0.5, 0.5, 0.5]
		},
		"firstperson_righthand": {
			"translation": [2.5, 0, 0],
			"scale": [0.5, 0.5, 0.5]
		},
		"firstperson_lefthand": {
			"translation": [2.5, 0, 0],
			"scale": [0.5, 0.5, 0.5]
		},
		"ground": {
			"scale": [0.5, 0.5, 0.5]
		},
		"gui": {
			"scale": [0.8, 0.8, 0.8]
		},
		"head": {
			"rotation": [-90, 0, 0],
			"translation": [0, -1.75, -9.25]
		}
	},
	"groups": [
		{
			"name": "base",
			"origin": [8, 8, 8],
			"color": 0,
			"children": [
				{
					"name": "loop1",
					"origin": [5.5, 0, 7],
					"color": 0,
					"children": [0, 1, 2]
				},
				{
					"name": "loop2",
					"origin": [5.5, 0, 7],
					"color": 0,
					"children": [3, 4, 5, 6]
				},
				{
					"name": "loop3",
					"origin": [8, 2.375, 8],
					"color": 0,
					"children": [7, 8, 9, 10]
				},
				{
					"name": "loop4",
					"origin": [8, 3.975, 8],
					"color": 0,
					"children": [11, 12, 13, 14]
				},
				{
					"name": "loop5",
					"origin": [8, 5.575, 8],
					"color": 0,
					"children": [15, 16, 17, 18]
				},
				{
					"name": "loop6",
					"origin": [8, 7.175, 8],
					"color": 0,
					"children": [19, 20, 21, 22]
				},
				{
					"name": "loop7",
					"origin": [8, 7.975, 8],
					"color": 0,
					"children": [23, 24, 25, 26]
				},
				{
					"name": "loop8",
					"origin": [8, 7.975, 8],
					"color": 0,
					"children": [27, 28, 29, 30]
				},
				{
					"name": "loop9",
					"origin": [8, 11.175, 8],
					"color": 0,
					"children": [31, 32, 33, 34]
				},
				{
					"name": "loop10",
					"origin": [8, 11.175, 8],
					"color": 0,
					"children": [35, 36, 37, 38]
				},
				{
					"name": "loop11",
					"origin": [5.5, 0, 7],
					"color": 0,
					"children": [39, 40, 41]
				}
			]
		}
	]
}